Id,Room_Number,Room_Type,Capacity,Campus,Building_Code,Building_Name,Capacity_Category
0001_01_1.264,1.264,Lecture Theatre,150,Central,1,Old College,Very Large (101-200)
0001_01_1.265,1.265,Boardroom Style,22,Central,1,Old College,Medium (21-50)
0001_01_1.266,1.266,Boardroom Style,24,Central,1,Old College,Medium (21-50)
0001_01_1.267,1.267,Boardroom Style,26,Central,1,Old College,Medium (21-50)
0001_01_1.270,1.270,Boardroom Style,16,Central,1,Old College,Small (1-20)
0001_01_1.273,1.273,Boardroom Style,22,Central,1,Old College,Medium (21-50)
0001_01_1.274,1.274,Boardroom Style,22,Central,1,Old College,Medium (21-50)
0001_01_1.275,1.275,Boardroom Style,30,Central,1,Old College,Medium (21-50)
0001_02_2.343,2.343,Boardroom Style,16,Central,1,Old College,Small (1-20)
0001_02_2.345,2.345,Boardroom Style,16,Central,1,Old College,Small (1-20)
0001_02_2.347,2.347,Boardroom Style,16,Central,1,Old College,Small (1-20)
0001_02_2.349,2.349,Boardroom Style,16,Central,1,Old College,Small (1-20)
0001_02_2.351,2.351,Boardroom Style,16,Central,1,Old College,Small (1-20)
0001_00_G.158,G.158,Boardroom Style,30,Central,1,Old College,Medium (21-50)
0001_00_G.159,G.159,Classroom Style,108,Central,1,Old College,Very Large (101-200)
0003_01_1.01,1.01,Classroom Style,23,Central,3,7-8 Chambers Street,Medium (21-50)
0003_01_1.02,1.02,Classroom Style,24,Central,3,7-8 Chambers Street,Medium (21-50)
0003_01_1.03,1.03,Classroom Style,24,Central,3,7-8 Chambers Street,Medium (21-50)
0003_01_1.04,1.04,Classroom Style,19,Central,3,7-8 Chambers Street,Small (1-20)
0003_01_1.05,1.05,Boardroom Style,12,Central,3,7-8 Chambers Street,Small (1-20)
0003_00_G.01,G.01,Classroom Style,20,Central,3,7-8 Chambers Street,Small (1-20)
0003_00_G.02,G.02,Classroom Style,24,Central,3,7-8 Chambers Street,Medium (21-50)
0003_00_G.03,G.03,Classroom Style,18,Central,3,7-8 Chambers Street,Small (1-20)
0003_00_G.04,G.04,Boardroom Style,12,Central,3,7-8 Chambers Street,Small (1-20)
0005_-1_B.01,B.01,Lecture Theatre,164,Central,5,Adam House,Very Large (101-200)
0008_02_2.365,2.365,Boardroom Style,16,Central,8,Minto House,Small (1-20)
0008_02_2.403,2.403,Classroom Style,45,Central,8,Minto House,Medium (21-50)
0008_-1_B.152,B.152,Classroom Style,14,Central,8,Minto House,Small (1-20)
0008_-1_B.153,B.153,Boardroom Style,15,Central,8,Minto House,Small (1-20)
0008_-1_B.154,B.154,Classroom Style,15,Central,8,Minto House,Small (1-20)
0008_00_G.251,G.251,Classroom Style,24,Central,8,Minto House,Medium (21-50)
0008_00_G.252,G.252,Boardroom Style,16,Central,8,Minto House,Small (1-20)
0103_01_1.B04,1.B04,Classroom Style,20,Central,103,Forresthill,Small (1-20)
0103_01_1.B09,1.B09,Boardroom Style,16,Central,103,Forresthill,Small (1-20)
0103_01_1.B10,1.B10,Classroom Style,20,Central,103,Forresthill,Small (1-20)
0103_01_1.B15,1.B15,Classroom Style,16,Central,103,Forresthill,Small (1-20)
0103_01_1.B19,1.B19,Boardroom Style,20,Central,103,Forresthill,Small (1-20)
0103_03_3.D02,3.D02,Classroom Style,40,Central,103,Forresthill,Medium (21-50)
0110_02_2.01,2.01,Classroom Style,25,Central,110,Alison House,Medium (21-50)
0110_02_2.02,2.02,Boardroom Style,15,Central,110,Alison House,Small (1-20)
0110_02_2.04,2.04,Classroom Style,42,Central,110,Alison House,Medium (21-50)
0110_02_2.07,2.07,Boardroom Style,12,Central,110,Alison House,Small (1-20)
0112_-1_B.01,B.01,Classroom Style,35,Central,112,Chrystal MacMillan Building,Medium (21-50)
0112_-1_B.02,B.02,Classroom Style,40,Central,112,Chrystal MacMillan Building,Medium (21-50)
0112_-1_B.06,B.06,Classroom Style,25,Central,112,Chrystal MacMillan Building,Medium (21-50)
0112_00_G.01,G.01,Classroom Style,55,Central,112,Chrystal MacMillan Building,Large (51-100)
0112_00_G.02,G.02,Classroom Style,55,Central,112,Chrystal MacMillan Building,Large (51-100)
0113_01M_01M.19,01M.19,Classroom Style,14,Central,113,"Medical School, Teviot",Small (1-20)
0113_01M_01M.20,01M.20,Boardroom Style,12,Central,113,"Medical School, Teviot",Small (1-20)
0113_01M_01M.27,01M.27,Boardroom Style,12,Central,113,"Medical School, Teviot",Small (1-20)
0113_01M_01M.469,01M.469,Classroom Style,40,Central,113,"Medical School, Teviot",Medium (21-50)
0113_01M_01M.473,01M.473,Classroom Style,48,Central,113,"Medical School, Teviot",Medium (21-50)
0113_01M_01M.474,01M.474,Classroom Style,10,Central,113,"Medical School, Teviot",Small (1-20)
0113_02M_02M.24,02M.24,Boardroom Style,10,Central,113,"Medical School, Teviot",Small (1-20)
0113_01_1.26,1.26,Boardroom Style,10,Central,113,"Medical School, Teviot",Small (1-20)
0113_01_1.416,1.416,Classroom Style,40,Central,113,"Medical School, Teviot",Medium (21-50)
0113_01_1.42,1.42,Classroom Style,20,Central,113,"Medical School, Teviot",Small (1-20)
0113_01_1.425,1.425,Lecture Theatre,260,Central,113,"Medical School, Teviot",Extra Large (200+)
0113_01_1.434,1.434,Classroom Style,28,Central,113,"Medical School, Teviot",Medium (21-50)
0113_02_2.26,2.26,Classroom Style,12,Central,113,"Medical School, Teviot",Small (1-20)
0113_02_2.27,2.27,Boardroom Style,12,Central,113,"Medical School, Teviot",Small (1-20)
0113_03_3.3,3.3,Boardroom Style,10,Central,113,"Medical School, Teviot",Small (1-20)
0113_00_G.03,G.03,Classroom Style,50,Central,113,"Medical School, Teviot",Medium (21-50)
0113_00_G.07,G.07,Lecture Theatre,170,Central,113,"Medical School, Teviot",Very Large (101-200)
0113_00_G.09,G.09,Boardroom Style,15,Central,113,"Medical School, Teviot",Small (1-20)
0113_00_G.10,G.10,Boardroom Style,15,Central,113,"Medical School, Teviot",Small (1-20)
0113_00_G.11,G.11,Boardroom Style,15,Central,113,"Medical School, Teviot",Small (1-20)
0113_00_G.12,G.12,Boardroom Style,15,Central,113,"Medical School, Teviot",Small (1-20)
0113_00_G.13,G.13,Boardroom Style,26,Central,113,"Medical School, Teviot",Medium (21-50)
0113_00_G.14,G.14,Boardroom Style,26,Central,113,"Medical School, Teviot",Medium (21-50)
0113_00_G.15,G.15,Classroom Style,29,Central,113,"Medical School, Teviot",Medium (21-50)
0113_00_G.152,G.152,Lecture Theatre,200,Central,113,"Medical School, Teviot",Very Large (101-200)
0113_00_G.16,G.16,Classroom Style,45,Central,113,"Medical School, Teviot",Medium (21-50)
0113_00_G.199,G.199,Boardroom Style,8,Central,113,"Medical School, Teviot",Small (1-20)
0113_00_G.200,G.200,Boardroom Style,16,Central,113,"Medical School, Teviot",Small (1-20)
0113_00_G.202B,G.202B,Boardroom Style,12,Central,113,"Medical School, Teviot",Small (1-20)
0113_00_G.203,G.203,Classroom Style,20,Central,113,"Medical School, Teviot",Small (1-20)
0113_00_G.204,G.204,Classroom Style,20,Central,113,"Medical School, Teviot",Small (1-20)
0113_00_G.205,G.205,Boardroom Style,14,Central,113,"Medical School, Teviot",Small (1-20)
0422_J_J.03,J.03,Classroom Style,60,Central,113,"Medical School, Teviot",Large (51-100)
0422_J_J.05,J.05,Classroom Style,60,Central,113,"Medical School, Teviot",Large (51-100)
0131_04_4.07,4.07,Lecture Theatre,110,Central,131,13-15 South College Street,Very Large (101-200)
0201_01_1.01,1.01,Boardroom Style,20,Central,201,Appleton Tower,Small (1-20)
0201_01_1.05,1.05,Boardroom Style,20,Central,201,Appleton Tower,Small (1-20)
0201_01_1.06,1.06,Lecture Theatre,300,Central,201,Appleton Tower,Extra Large (200+)
0201_01_1.08,1.08,Lecture Theatre,307,Central,201,Appleton Tower,Extra Large (200+)
0201_02_2.04,2.04,Classroom Style,24,Central,201,Appleton Tower,Medium (21-50)
0201_02_2.05,2.05,Classroom Style,24,Central,201,Appleton Tower,Medium (21-50)
0201_02_2.06,2.06,Classroom Style,18,Central,201,Appleton Tower,Small (1-20)
0201_02_2.07,2.07,Classroom Style,20,Central,201,Appleton Tower,Small (1-20)
0201_02_2.11,2.11,Classroom Style,28,Central,201,Appleton Tower,Medium (21-50)
0201_02_2.12,2.12,Classroom Style,54,Central,201,Appleton Tower,Large (51-100)
0201_02_2.14,2.14,Classroom Style,54,Central,201,Appleton Tower,Large (51-100)
0201_00_G.05,G.05,Boardroom Style,20,Central,201,Appleton Tower,Small (1-20)
0201_00_G.06,G.06,Lecture Theatre,193,Central,201,Appleton Tower,Very Large (101-200)
0201_00_G.07,G.07,Lecture Theatre,194,Central,201,Appleton Tower,Very Large (101-200)
0201_00_G.08,G.08,Lecture Theatre,193,Central,201,Appleton Tower,Very Large (101-200)
0208_00_G.8,G.8,Lecture Theatre,64,Central,208,1 George Square (Neuroscience),Large (51-100)
0209_01_1.21,1.21,Lecture Theatre,125,Central,209,7 George Square,Very Large (101-200)
0209_02_2.01,2.01,Classroom Style,70,Central,209,7 George Square,Large (51-100)
0209_02_2.37,2.37,Classroom Style,30,Central,209,7 George Square,Medium (21-50)
0210_00_G.04,G.04,Lecture Theatre,139,Central,210,Robson Building,Very Large (101-200)
0214_01_1.01,1.01,Classroom Style,20,Central,214,16-20 George Square,Small (1-20)
0214_01_1.10,1.10,Classroom Style,18,Central,214,16-20 George Square,Small (1-20)
0214_01_1.22,1.22,Boardroom Style,12,Central,214,16-20 George Square,Small (1-20)
0214_00_G.02,G.02,Classroom Style,40,Central,214,16-20 George Square,Medium (21-50)
0214_00_G.22,G.22,Classroom Style,18,Central,214,16-20 George Square,Small (1-20)
0214_00_G.23,G.23,Boardroom Style,10,Central,214,16-20 George Square,Small (1-20)
0214_00_G.26,G.26,Boardroom Style,12,Central,214,16-20 George Square,Small (1-20)
0219_00_G.01,G.01,Boardroom Style,16,Central,219,21 George Square,Small (1-20)
0219_00_G.02,G.02,Classroom Style,24,Central,219,21 George Square,Medium (21-50)
0228_-1_LG.06,LG.06,Classroom Style,35,Central,222,40 George Square Lower Teaching Hub,Medium (21-50)
0228_-1_LG.08,LG.08,Classroom Style,36,Central,222,40 George Square Lower Teaching Hub,Medium (21-50)
0228_-1_LG.09,LG.09,Lecture Theatre,96,Central,222,40 George Square Lower Teaching Hub,Large (51-100)
0228_-1_LG.10,LG.10,Classroom Style,36,Central,222,40 George Square Lower Teaching Hub,Medium (21-50)
0228_-1_LG.11,LG.11,Classroom Style,78,Central,222,40 George Square Lower Teaching Hub,Large (51-100)
0225_02_2.201,2.201,Lecture Theatre,458,Central,225,Gordon Aikman Lecture Theatre,Extra Large (200+)
0226_01_1.02,1.02,Specialist Room,50,Central,226,Business School,Medium (21-50)
0226_01_1.07,1.07,Specialist Room,48,Central,226,Business School,Medium (21-50)
0226_00_GF.14,GF.14,Specialist Room,147,Central,226,Business School,Very Large (101-200)
0226_-1_LG.10,LG.10,Specialist Room,72,Central,226,Business School,Large (51-100)
0226_-1_LG.11,LG.11,Specialist Room,66,Central,226,Business School,Large (51-100)
0226_-1_LG.14,LG.14,Specialist Room,68,Central,226,Business School,Large (51-100)
0226_-1_LG.18,LG.18,Specialist Room,66,Central,226,Business School,Large (51-100)
0226_-1_LG.19,LG.19,Specialist Room,70,Central,226,Business School,Large (51-100)
0227_02_2.03,2.03,Boardroom Style,18,Central,227,50 George Square,Small (1-20)
0227_02_2.13,2.13,Boardroom Style,10,Central,227,50 George Square,Small (1-20)
0227_02_2.14,2.14,Boardroom Style,15,Central,227,50 George Square,Small (1-20)
0227_02_2.29,2.29,Boardroom Style,15,Central,227,50 George Square,Small (1-20)
0227_02_2.30,2.30,Boardroom Style,10,Central,227,50 George Square,Small (1-20)
0227_02_2.39,2.39,Boardroom Style,18,Central,227,50 George Square,Small (1-20)
0227_02_2.54,2.54,Boardroom Style,18,Central,227,50 George Square,Small (1-20)
0227_03_3.03,3.03,Boardroom Style,18,Central,227,50 George Square,Small (1-20)
0227_03_3.13,3.13,Boardroom Style,10,Central,227,50 George Square,Small (1-20)
0227_03_3.14,3.14,Boardroom Style,15,Central,227,50 George Square,Small (1-20)
0227_03_3.29,3.29,Boardroom Style,15,Central,227,50 George Square,Small (1-20)
0227_03_3.30,3.30,Boardroom Style,10,Central,227,50 George Square,Small (1-20)
0227_03_3.39,3.39,Boardroom Style,18,Central,227,50 George Square,Small (1-20)
0227_03_3.54,3.54,Boardroom Style,18,Central,227,50 George Square,Small (1-20)
0227_00_G.01,G.01,Classroom Style,30,Central,227,50 George Square,Medium (21-50)
0227_00_G.02,G.02,Classroom Style,36,Central,227,50 George Square,Medium (21-50)
0227_00_G.03,G.03,Lecture Theatre,255,Central,227,50 George Square,Extra Large (200+)
0227_00_G.04,G.04,Lecture Theatre,100,Central,227,50 George Square,Large (51-100)
0227_00_G.05,G.05,Classroom Style,44,Central,227,50 George Square,Medium (21-50)
0227_00_G.06,G.06,Classroom Style,64,Central,227,50 George Square,Large (51-100)
0228_01_1.01,1.01,Boardroom Style,14,Central,228,40 George Square,Small (1-20)
0228_01_1.18,1.18,Boardroom Style,12,Central,228,40 George Square,Small (1-20)
0228_11_11.01,11.01,Boardroom Style,16,Central,228,40 George Square,Small (1-20)
0228_11_11.06,11.06,Classroom Style,18,Central,228,40 George Square,Small (1-20)
0228_11_11.10,11.10,Classroom Style,36,Central,228,40 George Square,Medium (21-50)
0228_11_11.11,11.11,Boardroom Style,15,Central,228,40 George Square,Small (1-20)
0228_11_11.18,11.18,Classroom Style,24,Central,228,40 George Square,Medium (21-50)
0228_12_12.18,12.18,Boardroom Style,13,Central,228,40 George Square,Small (1-20)
0228_13_13.07,13.07,Boardroom Style,15,Central,228,40 George Square,Small (1-20)
0228_02_2.18,2.18,Boardroom Style,12,Central,228,40 George Square,Small (1-20)
0228_03_3.01,3.01,Classroom Style,24,Central,228,40 George Square,Medium (21-50)
0228_04_4.18,4.18,Classroom Style,25,Central,228,40 George Square,Medium (21-50)
0228_06_6.05,6.05,Boardroom Style,14,Central,228,40 George Square,Small (1-20)
0228_06_6.10,6.10,Boardroom Style,13,Central,228,40 George Square,Small (1-20)
0228_06_6.11,6.11,Classroom Style,24,Central,228,40 George Square,Medium (21-50)
0228_06_6.14,6.14,Boardroom Style,12,Central,228,40 George Square,Small (1-20)
0228_07_7.01,7.01,Classroom Style,18,Central,228,40 George Square,Small (1-20)
0228_07_7.18,7.18,Classroom Style,24,Central,228,40 George Square,Medium (21-50)
0228_08_8.13,8.13,Boardroom Style,15,Central,228,40 George Square,Small (1-20)
0228_08_8.16,8.16,Boardroom Style,15,Central,228,40 George Square,Small (1-20)
0228_09_9.01,9.01,Classroom Style,16,Central,228,40 George Square,Small (1-20)
0228_09_9.18,9.18,Classroom Style,25,Central,228,40 George Square,Medium (21-50)
0229_01_1.A,1.A,Lecture Theatre,350,Central,229,40 George Square Lecture Theatres,Extra Large (200+)
0229_01_1.B,1.B,Lecture Theatre,250,Central,229,40 George Square Lecture Theatres,Extra Large (200+)
0229_01_1.C,1.C,Lecture Theatre,250,Central,229,40 George Square Lecture Theatres,Extra Large (200+)
0251_01_1.01,1.01,Classroom Style,28,Central,251,21 Buccleuch Place,Medium (21-50)
0251_01_1.02,1.02,Classroom Style,28,Central,251,21 Buccleuch Place,Medium (21-50)
0254_01_1.01,1.01,Boardroom Style,8,Central,254,24 Buccleuch Place,Small (1-20)
0254_01_1.03,1.03,Boardroom Style,16,Central,254,24 Buccleuch Place,Small (1-20)
0254_01_1.04,1.04,Classroom Style,16,Central,254,24 Buccleuch Place,Small (1-20)
0254_01_1.06,1.06,Boardroom Style,12,Central,254,24 Buccleuch Place,Small (1-20)
0254_01_1.07,1.07,Boardroom Style,12,Central,254,24 Buccleuch Place,Small (1-20)
0254_01_1.08,1.08,Boardroom Style,16,Central,254,24 Buccleuch Place,Small (1-20)
0254_01_1.09,1.09,Boardroom Style,8,Central,254,24 Buccleuch Place,Small (1-20)
0254_01_1.10,1.10,Boardroom Style,14,Central,254,24 Buccleuch Place,Small (1-20)
0254_01_1.12,1.12,Classroom Style,10,Central,254,24 Buccleuch Place,Small (1-20)
0254_01_1.5A,1.5A,Boardroom Style,8,Central,254,24 Buccleuch Place,Small (1-20)
0283_01_1.01,1.01,Boardroom Style,12,Central,283,Dugald Stewart Building,Small (1-20)
0283_01_1.17,1.17,Classroom Style,26,Central,283,Dugald Stewart Building,Medium (21-50)
0283_01_1.20,1.20,Classroom Style,46,Central,283,Dugald Stewart Building,Medium (21-50)
0283_03_3.10,3.10,Classroom Style,56,Central,283,Dugald Stewart Building,Large (51-100)
0300_00_NG.01,NG.01,Classroom Style,36,Central,300,High School Yards Teaching Centre,Medium (21-50)
0300_00_NG.02,NG.02,Classroom Style,36,Central,300,High School Yards Teaching Centre,Medium (21-50)
0300_00_NG.03,NG.03,Classroom Style,16,Central,300,High School Yards Teaching Centre,Small (1-20)
0300_00_NG.04,NG.04,Boardroom Style,16,Central,300,High School Yards Teaching Centre,Small (1-20)
0311_02_2.01,2.01,Boardroom Style,22,Central,311,Geography (Old Infirmary),Medium (21-50)
0311_02_2.05,2.05,Classroom Style,31,Central,311,Geography (Old Infirmary),Medium (21-50)
0311_02_2.13,2.13,Lecture Theatre,80,Central,311,Geography (Old Infirmary),Large (51-100)
0311_04_4.08,4.08,Boardroom Style,14,Central,311,Geography (Old Infirmary),Small (1-20)
0311_04_4.09,4.09,Boardroom Style,16,Central,311,Geography (Old Infirmary),Small (1-20)
0313_00_G.10,G.10,Classroom Style,36,Central,313,Old Surgeons Hall,Medium (21-50)
0335_01_1.1,1.1,Classroom Style,25,Central,335,Lister Learning and Teaching Centre,Medium (21-50)
0335_01_1.2,1.2,Classroom Style,44,Central,335,Lister Learning and Teaching Centre,Medium (21-50)
0335_01_1.3,1.3,Classroom Style,30,Central,335,Lister Learning and Teaching Centre,Medium (21-50)
0335_01_1.4,1.4,Classroom Style,16,Central,335,Lister Learning and Teaching Centre,Small (1-20)
0335_01_1.9,1.9,Classroom Style,32,Central,335,Lister Learning and Teaching Centre,Medium (21-50)
0335_02_2.1,2.1,Classroom Style,25,Central,335,Lister Learning and Teaching Centre,Medium (21-50)
0335_02_2.18,2.18,Boardroom Style,16,Central,335,Lister Learning and Teaching Centre,Small (1-20)
0335_02_2.2,2.2,Classroom Style,44,Central,335,Lister Learning and Teaching Centre,Medium (21-50)
0335_02_2.3,2.3,Classroom Style,40,Central,335,Lister Learning and Teaching Centre,Medium (21-50)
0335_02_2.4,2.4,Classroom Style,16,Central,335,Lister Learning and Teaching Centre,Small (1-20)
0335_03_3.1,3.1,Classroom Style,25,Central,335,Lister Learning and Teaching Centre,Medium (21-50)
0335_03_3.2,3.2,Classroom Style,40,Central,335,Lister Learning and Teaching Centre,Medium (21-50)
0335_03_3.3,3.3,Classroom Style,40,Central,335,Lister Learning and Teaching Centre,Medium (21-50)
0335_03_3.4,3.4,Boardroom Style,16,Central,335,Lister Learning and Teaching Centre,Small (1-20)
0335_04_4.1,4.1,Classroom Style,30,Central,335,Lister Learning and Teaching Centre,Medium (21-50)
0335_04_4.2,4.2,Classroom Style,32,Central,335,Lister Learning and Teaching Centre,Medium (21-50)
0335_04_4.3,4.3,Classroom Style,60,Central,335,Lister Learning and Teaching Centre,Large (51-100)
0335_05_5.1,5.1,Classroom Style,25,Central,335,Lister Learning and Teaching Centre,Medium (21-50)
0335_05_5.2,5.2,Classroom Style,32,Central,335,Lister Learning and Teaching Centre,Medium (21-50)
0335_05_5.3,5.3,Classroom Style,50,Central,335,Lister Learning and Teaching Centre,Medium (21-50)
0335_00_G.01,G.01,Lecture Theatre,120,Central,335,Lister Learning and Teaching Centre,Very Large (101-200)
0335_00_G.09,G.09,Classroom Style,32,Central,335,Lister Learning and Teaching Centre,Medium (21-50)
0335_00_G.10,G.10,Classroom Style,32,Central,335,Lister Learning and Teaching Centre,Medium (21-50)
0335_00_G.12,G.12,Boardroom Style,17,Central,335,Lister Learning and Teaching Centre,Small (1-20)
0335_00_G.13,G.13,Classroom Style,48,Central,335,Lister Learning and Teaching Centre,Medium (21-50)
0335_00_G.17,G.17,Boardroom Style,14,Central,335,Lister Learning and Teaching Centre,Small (1-20)
0401_01M_01M.19,01M.19,Boardroom Style,38,New College,401,New College,Medium (21-50)
0401_01_1.01,1.01,Classroom Style,84,New College,401,New College,Large (51-100)
0401_01_1.07,1.07,Classroom Style,32,New College,401,New College,Medium (21-50)
0401_01_1.08,1.08,Boardroom Style,12,New College,401,New College,Small (1-20)
0401_01_1.09,1.09,Boardroom Style,10,New College,401,New College,Small (1-20)
0401_02_2.17,2.17,Boardroom Style,18,New College,401,New College,Small (1-20)
0401_02_2.28,2.28,Lecture Theatre,108,New College,401,New College,Very Large (101-200)
0401_01_AssemblyHall,AssemblyHall,Lecture Theatre,320,New College,401,New College,Extra Large (200+)
0421_E_E.22,E.22,Lecture Theatre,218,Lauriston,421,ECA Main Building,Extra Large (200+)
0421_E_E.26,E.26,Boardroom Style,20,Lauriston,421,ECA Main Building,Small (1-20)
0422_L_L.06,L.06,Boardroom Style,16,Lauriston,422,North-East Studio Building,Small (1-20)
0423_O_O.17,O.17,Lecture Theatre,78,Lauriston,423,Hunter Building,Large (51-100)
0423_R_R.02B,R.02B,Boardroom Style,27,Lauriston,423,Hunter Building,Medium (21-50)
0424_05_5.21,5.21,Classroom Style,40,Lauriston,424,Evolution House,Medium (21-50)
0450_01_1.62,1.62,Specialist Room,12,Central,450,Edinburgh Futures Institute (EFI),Small (1-20)
0450_01_1.63,1.63,Specialist Room,8,Central,450,Edinburgh Futures Institute (EFI),Small (1-20)
0450_02_2.35,2.35,Classroom Style,128,Central,450,Edinburgh Futures Institute (EFI),Very Large (101-200)
0450_02_2.55,2.55,Specialist Room,68,Central,450,Edinburgh Futures Institute (EFI),Large (51-100)
0450_02_2.63,2.63,Specialist Room,8,Central,450,Edinburgh Futures Institute (EFI),Small (1-20)
0450_03_3.32,3.32,Specialist Room,12,Central,450,Edinburgh Futures Institute (EFI),Small (1-20)
0450_03_3.42,3.42,Specialist Room,8,Central,450,Edinburgh Futures Institute (EFI),Small (1-20)
0450_03_3.43,3.43,Specialist Room,12,Central,450,Edinburgh Futures Institute (EFI),Small (1-20)
0450_03_3.62,3.62,Specialist Room,12,Central,450,Edinburgh Futures Institute (EFI),Small (1-20)
0450_03_3.63,3.63,Specialist Room,8,Central,450,Edinburgh Futures Institute (EFI),Small (1-20)
0551_01_1.18,1.18,Classroom Style,60,Holyrood,551,Patersons Land,Large (51-100)
0551_01_1.19,1.19,Classroom Style,40,Holyrood,551,Patersons Land,Medium (21-50)
0551_01_1.21,1.21,Classroom Style,40,Holyrood,551,Patersons Land,Medium (21-50)
0551_01_1.26,1.26,Classroom Style,60,Holyrood,551,Patersons Land,Large (51-100)
0551_01_1.27,1.27,Boardroom Style,25,Holyrood,551,Patersons Land,Medium (21-50)
0551_01_1.37,1.37,Classroom Style,35,Holyrood,551,Patersons Land,Medium (21-50)
0551_00_G1,G1,Classroom Style,240,Holyrood,551,Patersons Land,Extra Large (200+)
0551_00_G21,G21,Classroom Style,60,Holyrood,551,Patersons Land,Large (51-100)
0551_00_G28,G28,Classroom Style,12,Holyrood,551,Patersons Land,Small (1-20)
0551_00_G30,G30,Classroom Style,10,Holyrood,551,Patersons Land,Small (1-20)
0551_00_G32,G32,Classroom Style,12,Holyrood,551,Patersons Land,Small (1-20)
0551_00_G33,G33,Classroom Style,10,Holyrood,551,Patersons Land,Small (1-20)
0551_00_G34,G34,Boardroom Style,18,Holyrood,551,Patersons Land,Small (1-20)
0551_00_G35,G35,Group Cluster Style,16,Holyrood,551,Patersons Land,Small (1-20)
0551_00_G36A,G36A,Classroom Style,12,Holyrood,551,Patersons Land,Small (1-20)
0551_00_G36B,G36B,Classroom Style,14,Holyrood,551,Patersons Land,Small (1-20)
0551_00_G37,G37,Classroom Style,25,Holyrood,551,Patersons Land,Medium (21-50)
0551_00_G38,G38,Boardroom Style,18,Holyrood,551,Patersons Land,Small (1-20)
0551_00_G42,G42,Classroom Style,55,Holyrood,551,Patersons Land,Large (51-100)
0551_00_G43,G43,Classroom Style,59,Holyrood,551,Patersons Land,Large (51-100)
0551_00_G44,G44,Boardroom Style,12,Holyrood,551,Patersons Land,Small (1-20)
0551_-1_LG23,LG23,Boardroom Style,10,Holyrood,551,Patersons Land,Small (1-20)
0551_-1_LG34,LG34,Lecture Theatre,120,Holyrood,551,Patersons Land,Very Large (101-200)
0551_-1_LG44,LG44,Boardroom Style,14,Holyrood,551,Patersons Land,Small (1-20)
0551_-1_LG45,LG45,Boardroom Style,14,Holyrood,551,Patersons Land,Small (1-20)
0551_-1_LG46,LG46,Boardroom Style,16,Holyrood,551,Patersons Land,Small (1-20)
0551_-1_LG47,LG47,Boardroom Style,16,Holyrood,551,Patersons Land,Small (1-20)
0551_-1_LG48,LG48,Boardroom Style,20,Holyrood,551,Patersons Land,Small (1-20)
0551_-1_LG49,LG49,Boardroom Style,18,Holyrood,551,Patersons Land,Small (1-20)
0551_-1M_M1,M1,Classroom Style,16,Holyrood,551,Patersons Land,Small (1-20)
0551_-1M_M14,M14,Boardroom Style,16,Holyrood,551,Patersons Land,Small (1-20)
0551_-1M_M16,M16,Boardroom Style,14,Holyrood,551,Patersons Land,Small (1-20)
0551_-1M_M18,M18,Boardroom Style,6,Holyrood,551,Patersons Land,Small (1-20)
0551_-1M_M2,M2,Boardroom Style,20,Holyrood,551,Patersons Land,Small (1-20)
0553_04_422,422,Boardroom Style,25,Holyrood,553,St Johns Land,Medium (21-50)
0555_01_1.15,1.15,Classroom Style,31,Holyrood,555,Thomsons Land,Medium (21-50)
0555_02_2.1,2.1,Boardroom Style,25,Holyrood,555,Thomsons Land,Medium (21-50)
0555_00_G.1,G.1,Classroom Style,100,Holyrood,555,Thomsons Land,Large (51-100)
0558_02_2.2,2.2,Boardroom Style,16,Holyrood,558,Charteris Land,Small (1-20)
0558_02_2.3,2.3,Classroom Style,52,Holyrood,558,Charteris Land,Large (51-100)
0558_03_3.02,3.02,Boardroom Style,24,Holyrood,558,Charteris Land,Medium (21-50)
0558_03_3.13,3.13,Classroom Style,24,Holyrood,558,Charteris Land,Medium (21-50)
0558_03_3.4,3.4,Classroom Style,33,Holyrood,558,Charteris Land,Medium (21-50)
0558_04_4.02,4.02,Classroom Style,24,Holyrood,558,Charteris Land,Medium (21-50)
0558_04_4.18,4.18,Classroom Style,32,Holyrood,558,Charteris Land,Medium (21-50)
0558_04_4.20,4.20,Classroom Style,38,Holyrood,558,Charteris Land,Medium (21-50)
0558_04_4.4,4.4,Classroom Style,32,Holyrood,558,Charteris Land,Medium (21-50)
0558_05_5.11,5.11,Classroom Style,35,Holyrood,558,Charteris Land,Medium (21-50)
0558_05_5.2,5.2,Classroom Style,48,Holyrood,558,Charteris Land,Medium (21-50)
0558_05_5.3,5.3,Classroom Style,25,Holyrood,558,Charteris Land,Medium (21-50)
0558_05_5.4,5.4,Classroom Style,25,Holyrood,558,Charteris Land,Medium (21-50)
0564_02_2.14,2.14,Classroom Style,40,Holyrood,564,St Leonards Land,Medium (21-50)
0564_03_3.15,3.15,Classroom Style,24,Holyrood,564,St Leonards Land,Medium (21-50)
0564_03_3.16,3.16,Classroom Style,24,Holyrood,564,St Leonards Land,Medium (21-50)
0564_03_3.23,3.23,Boardroom Style,25,Holyrood,564,St Leonards Land,Medium (21-50)
0564_03_3.24,3.24,Classroom Style,40,Holyrood,564,St Leonards Land,Medium (21-50)
0564_03_3.25,3.25,Boardroom Style,20,Holyrood,564,St Leonards Land,Small (1-20)
0564_00_G4,G4,Classroom Style,40,Holyrood,564,St Leonards Land,Medium (21-50)
0591_-1_B1.01,B1.01,Boardroom Style,16,Holyrood,591,Outreach Centre,Small (1-20)
0591_-1_B1.02,B1.02,Boardroom Style,16,Holyrood,591,Outreach Centre,Small (1-20)
0591_-1_B1.03,B1.03,Boardroom Style,16,Holyrood,591,Outreach Centre,Small (1-20)
0591_-1_B1.04,B1.04,Boardroom Style,14,Holyrood,591,Outreach Centre,Small (1-20)
0591_-1_B1.05,B1.05,Boardroom Style,16,Holyrood,591,Outreach Centre,Small (1-20)
0591_-1_B1.06,B1.06,Boardroom Style,16,Holyrood,591,Outreach Centre,Small (1-20)
0591_-1_B1.07,B1.07,Boardroom Style,16,Holyrood,591,Outreach Centre,Small (1-20)
0591_-1_B1.08,B1.08,Boardroom Style,16,Holyrood,591,Outreach Centre,Small (1-20)
0591_-1_B1.09,B1.09,Boardroom Style,16,Holyrood,591,Outreach Centre,Small (1-20)
0591_-1_B1.10,B1.10,Boardroom Style,14,Holyrood,591,Outreach Centre,Small (1-20)
0591_-1_B1.11,B1.11,Classroom Style,150,Holyrood,591,Outreach Centre,Very Large (101-200)
